[
    {
        "nombre": "Semana Santa",
        "descripcion": "Eventos relacionados con las celebraciones de Semana Santa en Andalucía."
    },
    {
        "nombre": "Carnavales",
        "descripcion": "Eventos relacionados con las festividades de Carnaval en Andalucía."
    },
    {
        "nombre": "Feria",
        "descripcion": "Eventos relacionados con las ferias y fiestas populares en Andalucía."
    },
    {
        "nombre": "Música",
        "descripcion": "Eventos musicales en Andalucía, incluyendo conciertos, festivales y congresos."
    },
    {
        "nombre": "Cultura Popular",
        "descripcion": "Eventos que celebran la cultura popular andaluza, como las ferias y fiestas tradicionales."
    },
    {
        "nombre": "Religión",
        "descripcion": "Eventos religiosos y celebraciones en Andalucía, incluyendo procesiones y festividades."
    },
    {
        "nombre": "Arte",
        "descripcion": "Eventos relacionados con el arte, incluyendo exposiciones y muestras de arte contemporáneo."
    },
    {
        "nombre": "Literatura",
        "descripcion": "Eventos relacionados con la literatura en Andalucía, como ferias del libro y encuentros literarios."
    },
    {
        "nombre": "Cine",
        "descripcion": "Eventos cinematográficos en Andalucía, incluyendo festivales de cine y proyecciones especiales."
    },
    {
        "nombre": "Teatro",
        "descripcion": "Eventos teatrales en Andalucía, incluyendo representaciones de obras clásicas y contemporáneas."
    },
    {
        "nombre": "Cultura General",
        "descripcion": "Eventos culturales diversos que no se ajustan a una categoría específica en Andalucía."
    },
    {
        "nombre": "Romería",
        "descripcion": "Eventos relacionados con las romerías, peregrinaciones y celebraciones religiosas populares en Andalucía."
    }
]
