[
    {
        "titulo": "Semana Santa de Sevilla",
        "descripcion": "Procesiones y eventos religiosos que conmemoran la Semana Santa en Sevilla.",
        "categoria": "Semana Santa",
        "ubicacion": {
            "ciudad": "Sevilla",
            "direccion": "Centro Histórico"
        },
        "fecha": "2024-04-14",
        "precio": 0,
        "capacidadAsistentes": 20000
    },
    {
        "titulo": "Carnaval de Almería",
        "descripcion": "Desfiles y concursos de disfraces para celebrar el carnaval en Almería.",
        "categoria": "Carnavales",
        "ubicacion": {
            "ciudad": "Almería",
            "direccion": "Paseo de Almería"
        },
        "fecha": "2024-02-15",
        "precio": 0,
        "capacidadAsistentes": 7000
    },
    {
        "titulo": "Feria de Agosto de Málaga",
        "descripcion": "La feria más grande de Málaga, con casetas, música y atracciones.",
        "categoria": "Feria",
        "ubicacion": {
            "ciudad": "Málaga",
            "direccion": "Recinto Ferial Cortijo de Torres"
        },
        "fecha": "2024-08-10",
        "precio": 0,
        "capacidadAsistentes": 25000
    },
    {
        "titulo": "Semana Santa de Jerez",
        "descripcion": "Eventos religiosos y procesiones en conmemoración de la Semana Santa en Jerez.",
        "categoria": "Semana Santa",
        "ubicacion": {
            "ciudad": "Jerez de la Frontera",
            "direccion": "Centro Histórico"
        },
        "fecha": "2024-04-14",
        "precio": 0,
        "capacidadAsistentes": 12000
    },
    {
        "titulo": "Carnaval de Córdoba",
        "descripcion": "Celebración del carnaval con desfiles y actividades para todas las edades en Córdoba.",
        "categoria": "Carnavales",
        "ubicacion": {
            "ciudad": "Córdoba",
            "direccion": "Centro Histórico"
        },
        "fecha": "2024-02-20",
        "precio": 0,
        "capacidadAsistentes": 5000
    },
    {
        "titulo": "Feria de la Manzanilla",
        "descripcion": "Una feria dedicada a la famosa manzanilla de Sanlúcar, con casetas y atracciones.",
        "categoria": "Feria",
        "ubicacion": {
            "ciudad": "Sanlúcar de Barrameda",
            "direccion": "Recinto Ferial"
        },
        "fecha": "2024-05-28",
        "precio": 0,
        "capacidadAsistentes": 15000
    },
    {
        "titulo": "Semana Santa de Granada",
        "descripcion": "Impresionantes procesiones en la histórica ciudad de Granada durante la Semana Santa.",
        "categoria": "Semana Santa",
        "ubicacion": {
            "ciudad": "Granada",
            "direccion": "Centro Histórico"
        },
        "fecha": "2024-04-14",
        "precio": 0,
        "capacidadAsistentes": 10000
    },
    {
        "titulo": "Carnaval de Huelva",
        "descripcion": "Celebraciones carnavalescas con desfiles y actividades culturales en Huelva.",
        "categoria": "Carnavales",
        "ubicacion": {
            "ciudad": "Huelva",
            "direccion": "Centro Histórico"
        },
        "fecha": "2024-02-22",
        "precio": 0,
        "capacidadAsistentes": 6000
    },
    {
        "titulo": "Feria de San Lucas",
        "descripcion": "La feria más importante de Jaén, con casetas, atracciones y eventos culturales.",
        "categoria": "Feria",
        "ubicacion": {
            "ciudad": "Jaén",
            "direccion": "Recinto Ferial"
        },
        "fecha": "2024-10-18",
        "precio": 0,
        "capacidadAsistentes": 20000
    },
    {
        "titulo": "Festival de la Guitarra de Córdoba",
        "descripcion": "Un festival que celebra la música de guitarra con conciertos y talleres.",
        "categoria": "Música",
        "ubicacion": {
            "ciudad": "Córdoba",
            "direccion": "Teatro Góngora"
        },
        "fecha": "2024-07-04",
        "precio": 20,
        "capacidadAsistentes": 1000
    },
    {
        "titulo": "Romería del Rocío",
        "descripcion": "La Romería del Rocío es una peregrinación mariana que se celebra en honor a la Virgen del Rocío en la aldea de El Rocío, en Almonte (Huelva). Es una de las romerías más importantes de España, en la que participan numerosas hermandades de toda Andalucía.",
        "categoria": "Romería",
        "ubicacion": {
            "ciudad": "Almonte",
            "direccion": "El Rocío"
        },
        "fecha": "2024-06-02",
        "precio": 0,
        "capacidadAsistentes": 100000
    },
    {
        "titulo": "Romería del Rocío de Huelva",
        "descripcion": "La Romería del Rocío de Huelva es una de las celebraciones más emblemáticas de la provincia de Huelva, en la que los fieles realizan una peregrinación hasta la aldea de El Rocío para rendir homenaje a la Virgen del Rocío.",
        "categoria": "Romería",
        "ubicacion": {
            "ciudad": "Huelva",
            "direccion": "El Rocío"
        },
        "fecha": "2024-06-02",
        "precio": 0,
        "capacidadAsistentes": 80000
    },
    {
        "titulo": "Congreso de Bandas de Música de Semana Santa",
        "descripcion": "Un congreso anual que reúne a bandas de música de Semana Santa de toda Andalucía para compartir experiencias y realizar actuaciones en Sevilla.",
        "categoria": "Música",
        "ubicacion": {
            "ciudad": "Sevilla",
            "direccion": "Centro de Convenciones de Sevilla"
        },
        "fecha": "2024-09-01",
        "precio": 15,
        "capacidadAsistentes": 500
    },
    {
        "titulo": "Feria del Aceite de Oliva",
        "descripcion": "La Feria del Aceite de Oliva en Jaén es un evento dedicado a promover y celebrar la producción de aceite de oliva virgen extra de la región, con degustaciones, actividades culturales y muestras de gastronomía.",
        "categoria": "Feria",
        "ubicacion": {
            "ciudad": "Jaén",
            "direccion": "Recinto Ferial de Jaén"
        },
        "fecha": "2024-10-15",
        "precio": 0,
        "capacidadAsistentes": 10000
    },
    
    {
        "titulo": "Romería del Rocío de Cádiz",
        "descripcion": "La Romería del Rocío de Cádiz es una de las festividades más esperadas en la provincia, donde los romeros realizan una emocionante peregrinación hasta la aldea de El Rocío para mostrar su devoción a la Virgen del Rocío.",
        "categoria": "Romería",
        "ubicacion": {
            "ciudad": "Cádiz",
            "direccion": "El Rocío"
        },
        "fecha": "2024-06-02",
        "precio": 0,
        "capacidadAsistentes": 70000
    },
    {
        "titulo": "Romería del Rocío de Sevilla",
        "descripcion": "La Romería del Rocío de Sevilla es una de las celebraciones más destacadas de la provincia, donde miles de fieles realizan una travesía hasta la aldea de El Rocío para expresar su fervor a la Virgen del Rocío.",
        "categoria": "Romería",
        "ubicacion": {
            "ciudad": "Sevilla",
            "direccion": "El Rocío"
        },
        "fecha": "2024-06-02",
        "precio": 0,
        "capacidadAsistentes": 90000
    }
]