[
    {
        "nombre": "Centro Histórico",
        "direccion": "Centro Histórico",
        "ciudad": "Sevilla"
    },
    {
        "nombre": "Paseo de Almería",
        "direccion": "Paseo de Almería",
        "ciudad": "Almería"
    },
    {
        "nombre": "Recinto Ferial Cortijo de Torres",
        "direccion": "Recinto Ferial Cortijo de Torres",
        "ciudad": "Málaga"
    },
    {
        "nombre": "Centro Histórico",
        "direccion": "Centro Histórico",
        "ciudad": "Jerez de la Frontera"
    },
    {
        "nombre": "Centro Histórico",
        "direccion": "Centro Histórico",
        "ciudad": "Córdoba"
    },
    {
        "nombre": "Recinto Ferial",
        "direccion": "Recinto Ferial",
        "ciudad": "Sanlúcar de Barrameda"
    },
    {
        "nombre": "Centro Histórico",
        "direccion": "Centro Histórico",
        "ciudad": "Granada"
    },
    {
        "nombre": "Centro Histórico",
        "direccion": "Centro Histórico",
        "ciudad": "Huelva"
    },
    {
        "nombre": "Recinto Ferial",
        "direccion": "Recinto Ferial",
        "ciudad": "Jaén"
    },
    {
        "nombre": "Teatro Góngora",
        "direccion": "Teatro Góngora",
        "ciudad": "Córdoba"
    },
    {
        "nombre": "El Rocío",
        "direccion": "El Rocío",
        "ciudad": "Almonte"
    },
    {
        "nombre": "El Rocío",
        "direccion": "El Rocío",
        "ciudad": "Huelva"
    },
    {
        "nombre": "El Rocío",
        "direccion": "El Rocío",
        "ciudad": "Cádiz"
    },
    {
        "nombre": "El Rocío",
        "direccion": "El Rocío",
        "ciudad": "Sevilla"
    }
]
